Name,Club,League,Position,Rating,Pace,Shooting,Passing,Dribbling,Defending,Physical
Pelé,Icons,Icons,CAM,98,95,96,93,96,60,76
Diego Maradona,Icons,Icons,CAM,97,92,93,92,97,40,76
Ronaldo,Icons,Icons,ST,96,97,95,81,95,45,76
Pelé,Icons,Icons,CF,95,96,93,90,95,56,75
Diego Maradona,Icons,Icons,CAM,95,88,91,90,95,42,75
Ronaldinho,Icons,Icons,LW,94,92,90,91,94,37,81
Ronaldo,Icons,Icons,ST,94,93,93,80,93,46,80
Cristiano Ronaldo,Real Madrid CF,LaLiga Santander,LW,94,90,93,82,90,33,80
Ruud Gullit,Icons,Icons,CF,93,86,91,91,89,82,90
Thierry Henry,Icons,Icons,ST,93,94,91,83,90,53,80
Lionel Messi,FC Barcelona,LaLiga Santander,RW,93,89,90,86,95,26,61
Neymar,Paris Saint-Germain,Ligue 1,LW,92,92,84,79,94,30,60
Alessandro Del Piero,Icons,Icons,CF,92,83,92,89,92,43,67
Puyol,Icons,Icons,CB,92,70,45,68,58,94,90
Luis Suárez,FC Barcelona,LaLiga Santander,ST,92,82,90,79,86,42,81
Neymar,Paris Saint-Germain,Ligue 1,LW,92,92,84,79,94,30,60
Robert Pirès,Icons,Icons,LM,91,88,82,88,89,40,64
Patrick Vieira,Icons,Icons,CM,91,83,80,82,85,90,91
Michael Owen,Icons,Icons,ST,91,90,89,70,88,34,67
Roberto Carlos,Icons,Icons,LB,91,92,83,84,81,86,86
Ronaldinho,Icons,Icons,CAM,91,91,86,88,92,36,79
Pelé,Icons,Icons,CF,91,94,89,88,93,53,73
Diego Maradona,Icons,Icons,CAM,91,93,87,87,94,38,76
Robert Lewandowski,FC Bayern München,Bundesliga,ST,91,81,88,75,86,38,82
Alessandro Del Piero,Icons,Icons,CF,90,85,90,85,92,42,69
Puyol,Icons,Icons,CB,90,72,45,66,58,92,91
Deco,Icons,Icons,CM,90,83,79,91,90,51,70
Okocha,Icons,Icons,CAM,90,87,83,84,94,40,60
Ruud Gullit,Icons,Icons,CM,90,88,88,88,86,80,87
Rio Ferdinand,Icons,Icons,CB,90,83,49,67,65,91,86
Ronaldo,Icons,Icons,ST,90,94,90,77,91,42,72
Thierry Henry,Icons,Icons,LW,90,90,88,85,87,51,77
Toni Kroos,Real Madrid CF,LaLiga Santander,CM,90,50,81,88,81,73,70
Gonzalo Higuaín,Juventus,Calcio A,ST,90,79,87,70,83,25,74
Sergio Ramos,Real Madrid CF,LaLiga Santander,CB,90,76,63,71,72,88,83
Eden Hazard,Chelsea,Premier League,LW,90,90,82,84,92,32,66
Ronaldinho,Icons,Icons,CAM,89,80,85,88,90,38,77
Kevin De Bruyne,Manchester City,Premier League,CAM,89,75,84,88,85,45,75
Sergio Agüero,Manchester City,Premier League,ST,89,87,88,75,89,23,72
Gareth Bale,Real Madrid CF,LaLiga Santander,RW,89,94,87,84,86,57,76
Luka Modrić,Real Madrid CF,LaLiga Santander,CM,89,73,75,86,89,72,65
Giorgio Chiellini,Juventus,Calcio A,CB,89,74,46,56,60,90,85
Alexis Sánchez,Arsenal,Premier League,LM,89,86,84,80,89,40,78
Leonardo Bonucci,Milan,Calcio A,CB,88,68,54,70,71,87,81
Robert Pirès,Icons,Icons,LM,88,88,80,86,86,40,62
Patrick Vieira,Icons,Icons,CM,88,85,75,80,84,86,89
Michael Owen,Icons,Icons,ST,88,91,86,66,87,31,62
Roberto Carlos,Icons,Icons,LB,88,90,81,86,79,83,85
Rio Ferdinand,Icons,Icons,CB,88,80,48,65,64,89,82
Thiago,FC Bayern München,Bundesliga,CM,88,72,75,85,90,62,63
Jérôme Boateng,FC Bayern München,Bundesliga,CB,88,75,50,72,68,88,84
Antoine Griezmann,Atlético Madrid,LaLiga Santander,ST,88,86,85,78,87,30,68
Mesut Özil,Arsenal,Premier League,CAM,88,71,74,87,86,24,58
Mats Hummels,FC Bayern München,Bundesliga,CB,88,64,58,75,72,89,76
Leonardo Bonucci,Milan,Calcio A,CB,88,68,54,70,71,87,81
Arjen Robben,FC Bayern München,Bundesliga,RM,88,86,86,81,90,32,63
Thiago Silva,Paris Saint-Germain,Ligue 1,CB,88,72,56,73,74,88,79
Zlatan Ibrahimović,Manchester United,Premier League,ST,88,65,88,81,82,32,82
Pierre-Emerick Aubame...,Borussia Dortmund,Bundesliga,ST,88,96,84,75,81,37,71
Diego Godín,Atlético Madrid,LaLiga Santander,CB,88,65,48,65,64,88,78
Paulo Dybala,Juventus,Calcio A,CAM,88,86,85,81,91,24,67
Alessandro Del Piero,Icons,Icons,CF,87,88,88,84,89,40,70
Deco,Icons,Icons,CAM,87,80,77,87,87,45,63
Okocha,Icons,Icons,RM,87,83,79,84,91,41,58
Thierry Henry,Icons,Icons,LW,87,93,82,79,87,43,68
Edinson Cavani,Paris Saint-Germain,Ligue 1,ST,87,77,83,72,80,42,81
Paul Pogba,Manchester United,Premier League,CM,87,74,79,84,84,68,88
N'Golo Kanté,Chelsea,Premier League,CDM,87,81,66,75,80,81,84
Ivan Rakitić,FC Barcelona,LaLiga Santander,CM,87,65,84,86,82,60,66
David Silva,Manchester City,Premier League,CAM,87,68,72,87,87,38,61
Marek Hamšik,Napoli,Calcio A,CM,87,74,80,84,84,68,70
Piqué,FC Barcelona,LaLiga Santander,CB,87,65,61,69,66,86,76
Marcelo,Real Madrid CF,LaLiga Santander,LB,87,78,69,80,85,82,79
Christian Eriksen,Tottenham Hotspur,Premier League,CAM,87,75,78,88,84,47,63
Marco Verratti,Paris Saint-Germain,Ligue 1,CM,87,65,59,84,89,79,68
Iniesta,FC Barcelona,LaLiga Santander,CM,87,71,70,87,90,58,58
Arturo Vidal,FC Bayern München,Bundesliga,CDM,87,75,81,80,79,83,84
Romelu Lukaku,Manchester United,Premier League,ST,86,83,85,70,74,34,84
James Rodríguez,FC Bayern München,Bundesliga,CAM,86,76,85,85,83,40,68
Puyol,Icons,Icons,RB,86,76,44,68,58,88,89
Patrick Vieira,Icons,Icons,CM,86,81,75,80,79,86,89
Michael Owen,Icons,Icons,ST,86,84,86,67,85,35,64
Roberto Carlos,Icons,Icons,LB,86,92,80,79,81,81,78
Ruud Gullit,Icons,Icons,CM,86,80,80,86,82,83,78
Cesc Fàbregas,Chelsea,Premier League,CM,86,63,77,88,81,60,64
Diego Costa,Chelsea,Premier League,ST,86,75,83,65,76,40,88
Coutinho,Liverpool,Premier League,LW,86,82,78,83,88,35,64
David Alaba,FC Bayern München,Bundesliga,LB,86,86,73,81,80,82,74
Dries Mertens,Napoli,Calcio A,CF,86,90,82,79,89,36,55
Miranda,Inter,Calcio A,CB,86,71,49,60,68,88,77
Karim Benzema,Real Madrid CF,LaLiga Santander,ST,86,78,84,77,82,22,74
Javi Martinez,FC Bayern München,Bundesliga,CB,86,50,60,69,66,86,80
James Rodríguez,FC Bayern München,Bundesliga,CAM,86,76,85,85,83,40,68
Romelu Lukaku,Manchester United,Premier League,ST,86,83,85,70,74,34,84
Toby Alderweireld,Tottenham Hotspur,Premier League,CB,86,66,58,72,66,87,80
Thomas Müller,FC Bayern München,Bundesliga,CF,86,77,82,77,78,46,71
Sergio Busquets,FC Barcelona,LaLiga Santander,CDM,86,40,59,79,74,82,81
Radja Nainggolan,Roma,Calcio A,CM,86,78,80,78,82,81,83
David Luiz,Chelsea,Premier League,CB,86,70,64,74,71,84,81
Alex Sandro,Juventus,Calcio A,LB,86,86,65,77,81,81,84
Sokratis,Borussia Dortmund,Bundesliga,CB,86,78,52,55,61,87,84
Pepe,Beşiktaş JK,Süper Lig,CB,86,68,50,57,61,86,80
Harry Kane,Tottenham Hotspur,Premier League,ST,86,71,87,72,79,42,83
Isco,Real Madrid CF,LaLiga Santander,CM,86,71,83,82,89,54,62
Franck Ribéry,FC Bayern München,Bundesliga,LM,86,82,76,83,89,25,58
Marco Reus,Borussia Dortmund,Bundesliga,LM,86,88,87,84,85,39,64
Alexandre Lacazette,Arsenal,Premier League,ST,85,86,83,71,85,38,77
Robert Pirès,Icons,Icons,CAM,85,72,80,86,82,44,66
Deco,Icons,Icons,CAM,85,78,78,87,85,45,65
Okocha,Icons,Icons,RM,85,88,80,79,92,37,59
Rio Ferdinand,Icons,Icons,CB,85,84,48,65,70,84,83
Alexandre Lacazette,Arsenal,Premier League,ST,85,86,83,71,85,38,77
Ángel Di María,Paris Saint-Germain,Ligue 1,RW,85,86,77,82,85,47,68
Casemiro,Real Madrid CF,LaLiga Santander,CDM,85,62,68,74,72,84,86
Filipe Luís,Atlético Madrid,LaLiga Santander,LB,85,79,62,77,78,82,79
Miralem Pjanić,Juventus,Calcio A,CM,85,74,70,86,86,67,69
Jan Vertonghen,Tottenham Hotspur,Premier League,CB,85,67,65,72,70,85,81
Henrikh Mkhitaryan,Manchester United,Premier League,RM,85,86,79,80,86,54,70
Claudio Marchisio,Juventus,Calcio A,CM,85,78,72,83,84,76,74
İlkay Gündoğan,Manchester City,Premier League,CM,85,71,74,83,87,64,71
Vincent Kompany,Manchester City,Premier League,CB,85,63,54,65,65,84,83
Kamil Glik,AS Monaco Football Club SA,Ligue 1,CB,85,56,32,44,55,86,84
Raphaël Varane,Real Madrid CF,LaLiga Santander,CB,85,79,45,61,65,84,79
Jordi Alba,FC Barcelona,LaLiga Santander,LB,85,93,69,75,82,81,72
Andrea Barzagli,Juventus,Calcio A,CB,85,71,34,57,65,88,73
Blaise Matuidi,Juventus,Calcio A,CDM,85,78,67,77,76,82,84
Azpilicueta,Chelsea,Premier League,CB,85,79,55,74,74,86,78
Yannick Carrasco,Atlético Madrid,LaLiga Santander,LM,85,88,79,78,87,29,63
Lorenzo Insigne,Napoli,Calcio A,LW,85,90,74,82,89,25,50
Juan Mata,Manchester United,Premier League,CAM,84,67,76,84,84,32,54
Shkodran Mustafi,Arsenal,Premier League,CB,84,67,57,63,63,83,79
Koke,Atlético Madrid,LaLiga Santander,CM,84,70,75,86,81,63,75
Marco Asensio,Real Madrid CF,LaLiga Santander,CAM,84,78,79,83,83,39,61
Julian Draxler,Paris Saint-Germain,Ligue 1,LW,84,78,80,82,86,34,64
Eric Bailly,Manchester United,Premier League,CB,84,78,42,59,66,84,84
Alejandro Gómez,Atalanta,Calcio A,CF,84,90,77,80,88,31,58
Bruno,Villarreal CF,LaLiga Santander,CM,84,41,72,79,75,78,77
Dimitri Payet,Olympique de Marseille,Ligue 1,LW,84,75,78,86,87,37,70
Dani Alves,Paris Saint-Germain,Ligue 1,RB,84,82,68,81,84,77,66
Bernardo Silva,Manchester City,Premier League,RM,84,81,72,81,89,45,61
Ander Herrera,Manchester United,Premier League,CM,84,73,72,81,83,78,77
Sami Khedira,Juventus,Calcio A,CM,84,64,74,80,76,80,84
Laurent Koscielny,Arsenal,Premier League,CB,84,75,41,62,66,85,78
Medhi Benatia,Juventus,Calcio A,CB,84,74,42,54,65,85,82
Ivan Perišić,Inter,Calcio A,LM,84,84,80,78,81,42,75
Willian,Chelsea,Premier League,RW,84,88,76,81,86,49,64
Kostas Manolas,Roma,Calcio A,CB,84,80,19,42,61,86,83
Gary Cahill,Chelsea,Premier League,CB,84,63,58,52,62,84,78
Sadio Mané,Liverpool,Premier League,LW,84,93,78,74,85,36,75
Kevin Strootman,Roma,Calcio A,CM,84,67,74,82,78,78,82
Pedro,Chelsea,Premier League,RW,84,82,77,77,84,37,62
Falcao,AS Monaco Football Club SA,Ligue 1,ST,84,69,84,68,79,36,74
Aduriz,Athletic Club de Bilbao,LaLiga Santander,ST,84,70,83,64,76,46,79
Morata,Chelsea,Premier League,ST,84,82,80,71,80,23,73
Kalidou Koulibaly,Napoli,Calcio A,CB,84,73,26,43,57,85,86
Mauro Icardi,Inter,Calcio A,ST,84,78,83,61,76,26,70
Dele Alli,Tottenham Hotspur,Premier League,CAM,84,76,80,77,82,64,78
Carvajal,Real Madrid CF,LaLiga Santander,RB,84,82,45,73,79,82,78
Edin Džeko,Roma,Calcio A,ST,84,64,83,70,74,32,72
William Carvalho,Sporting CP,Liga NOS,CDM,83,53,57,77,74,80,83
Wesley Sneijder,OGC Nice,Ligue 1,CAM,83,69,78,86,82,38,56
Jonas,SL Benfica,Liga NOS,ST,83,65,85,75,84,35,65
Danilo Pereira,FC Porto,Liga NOS,CDM,83,68,62,69,74,82,87
Quaresma,Beşiktaş JK,Süper Lig,RM,83,83,76,81,87,18,60
Nani,Lazio,Calcio A,LW,83,81,79,81,86,24,64
Samuel Umtiti,FC Barcelona,LaLiga Santander,CB,83,74,64,71,71,82,79
Mario Mandžukić,Juventus,Calcio A,ST,83,72,78,71,74,65,87
Giacomo Bonaventura,Milan,Calcio A,CM,83,78,77,82,83,67,73
Javier Mascherano,FC Barcelona,LaLiga Santander,CB,83,65,53,71,70,82,77
Steven N'Zonzi,Sevilla FC,LaLiga Santander,CDM,83,57,67,73,71,80,88
Niklas Süle,FC Bayern München,Bundesliga,CB,83,65,41,51,50,83,81
Iago Aspas,RC Celta de Vigo,LaLiga Santander,ST,83,81,83,73,84,29,63
Idrissa Gueye,Everton,Premier League,CDM,83,76,60,70,77,83,81
Riyad Mahrez,Leicester City,Premier League,RM,83,82,74,78,87,28,55
Roberto Firmino,Liverpool,Premier League,ST,83,77,81,79,85,46,77
Naby Keïta,RB Leipzig,Bundesliga,CM,83,73,71,77,89,62,70
Ezequiel Garay,Valencia CF,LaLiga Santander,CB,83,43,64,66,64,84,80
Yaya Touré,Manchester City,Premier League,CM,83,63,82,80,77,70,83
Lucas Biglia,Milan,Calcio A,CDM,83,69,63,81,80,75,75
Kylian Mbappe Lottin,Paris Saint-Germain,Ligue 1,ST,83,90,80,74,84,47,74
Andrea Belotti,Torino,Calcio A,ST,83,82,81,57,78,29,84
Marquinhos,Paris Saint-Germain,Ligue 1,CB,83,71,38,68,70,84,76
Nemanja Matić,Manchester United,Premier League,CDM,83,64,70,76,72,80,87
Adam Lallana,Liverpool,Premier League,CM,83,73,75,80,84,65,74
Virgil van Dijk,Southampton,Premier League,CB,83,73,60,67,70,83,85
Daniele De Rossi,Roma,Calcio A,CDM,83,68,64,73,71,81,82
Nicolás Gaitán,Atlético Madrid,LaLiga Santander,LM,83,81,74,81,84,39,55
Morgan Schneiderlin,Everton,Premier League,CDM,83,68,62,76,77,79,81
José María Giménez,Atlético Madrid,LaLiga Santander,CB,83,70,45,51,54,85,81
Ousmane Dembélé,FC Barcelona,LaLiga Santander,RM,83,91,76,75,88,32,56
Santi Cazorla,Arsenal,Premier League,CM,83,65,76,85,85,61,63
Mateo Musacchio,Milan,Calcio A,CB,83,70,51,66,59,84,78
Kévin Gameiro,Atlético Madrid,LaLiga Santander,ST,83,87,83,75,79,35,68
Łukasz Piszczek,Borussia Dortmund,Bundesliga,RB,83,79,68,76,74,81,80
Borja Valero,Inter,Calcio A,CAM,83,70,69,85,85,63,65
Ömer Toprak,Borussia Dortmund,Bundesliga,CB,83,76,39,62,68,85,75
João Mário,Inter,Calcio A,CM,83,73,70,80,83,70,71
Emil Forsberg,RB Leipzig,Bundesliga,CAM,83,75,74,83,83,30,66
Juanfran,Atlético Madrid,LaLiga Santander,RB,83,82,58,75,77,80,77
Nicolás Otamendi,Manchester City,Premier League,CB,83,63,56,59,56,83,81
Antonio Valencia,Manchester United,Premier League,RB,83,87,65,75,81,78,85
Shinji Kagawa,Borussia Dortmund,Bundesliga,CAM,83,70,68,76,86,34,49
Thomas Lemar,AS Monaco Football Club SA,Ligue 1,LM,83,85,77,80,86,62,70
Mohamed Salah,Liverpool,Premier League,RW,83,93,73,74,86,45,66
José Callejón,Napoli,Calcio A,RW,83,90,78,71,83,34,65
Bas Dost,Sporting CP,Liga NOS,ST,83,60,83,57,64,43,83
Gonzalo Rodríguez,San Lorenzo de Almagro,Primera División,CB,83,68,47,61,66,83,76
Vitolo,UD Las Palmas,LaLiga Santander,LM,83,80,77,79,82,28,76
Fabinho,AS Monaco Football Club SA,Ligue 1,CDM,83,74,65,76,76,83,83
Éver Banega,Sevilla FC,LaLiga Santander,CAM,83,69,70,85,84,62,67
Kyle Walker,Manchester City,Premier League,RB,83,90,63,73,76,80,81
Joel Matip,Liverpool,Premier League,CB,83,67,46,68,67,84,78
Stefan de Vrij,Lazio,Calcio A,CB,83,68,41,58,66,85,76
Javier Pastore,Paris Saint-Germain,Ligue 1,CM,83,71,75,83,85,58,64
Benedikt Höwedes,Juventus,Calcio A,CB,83,64,67,63,65,83,77
Felipe,FC Porto,Liga NOS,CB,82,68,41,59,62,82,81
Davy Klaassen,Everton,Premier League,CM,82,73,80,74,75,67,79
Ljubomir Fejsa,SL Benfica,Liga NOS,CDM,82,53,57,66,68,81,85
Marlos,Shakhtar Donetsk,Ukrayina Liha,RM,82,83,76,78,87,48,66
Vedran Ćorluka,Lokomotiv Moscow,Sogaz Russian Football Championship,CB,82,58,51,67,67,82,82
Quincy Promes,Spartak Moscow,Sogaz Russian Football Championship,RM,82,89,81,76,82,29,67
Yacine Brahimi,FC Porto,Liga NOS,LM,82,80,73,76,89,33,56
Sebastian Giovinco,Toronto FC,Major League Soccer,CF,82,81,81,78,87,27,57
David Villa,New York City Football Club,Major League Soccer,ST,82,69,83,75,82,31,69
Pizzi,SL Benfica,Liga NOS,CM,82,79,77,81,83,61,69
Taison,Shakhtar Donetsk,Ukrayina Liha,LM,82,92,78,75,85,47,63
Douglas Costa,Juventus,Calcio A,LM,82,92,77,77,84,32,64
Olivier Giroud,Arsenal,Premier League,ST,82,53,81,70,74,38,83
Timo Werner,RB Leipzig,Bundesliga,ST,82,91,79,65,80,28,65
João Moutinho,AS Monaco Football Club SA,Ligue 1,CM,82,69,75,81,81,70,72
Federico Bernardeschi,Juventus,Calcio A,RM,82,84,76,77,86,34,65
Anthony Martial,Manchester United,Premier League,LM,82,91,79,70,85,41,74
Heung Min Son,Tottenham Hotspur,Premier League,LM,82,86,82,75,83,25,66
Raheem Sterling,Manchester City,Premier League,RW,82,93,71,74,85,46,61
Granit Xhaka,Arsenal,Premier League,CDM,82,50,66,80,72,72,78
Daniel Sturridge,Liverpool,Premier League,ST,82,76,82,69,79,25,68
Suso,Milan,Calcio A,RW,82,82,74,81,86,23,51
Branislav Ivanović,Zenit St. Petersburg,Sogaz Russian Football Championship,CB,82,62,61,68,62,83,83
Stephan Lichtsteiner,Juventus,Calcio A,RB,82,77,59,73,76,80,77
Willian José,Real Sociedad,LaLiga Santander,ST,82,66,82,66,76,36,76
Max Kruse,SV Werder Bremen,Bundesliga,CF,82,71,84,82,83,39,69
Jonathan Tah,Bayer 04 Leverkusen,Bundesliga,CB,82,72,27,58,58,82,78
Gonzalo Castro,Borussia Dortmund,Bundesliga,CM,82,71,72,83,81,72,68
Raffael,Borussia Mönchengladbach,Bundesliga,CF,82,72,79,80,86,41,67
Beñat,Athletic Club de Bilbao,LaLiga Santander,CM,82,58,75,84,75,66,74
Mario Gómez,VfL Wolfsburg,Bundesliga,ST,82,72,82,62,73,28,78
Victor Wanyama,Tottenham Hotspur,Premier League,CDM,82,64,66,70,74,82,91
Carlos Bacca,Villarreal CF,LaLiga Santander,ST,82,77,79,64,79,24,70
Naldo,FC Schalke 04,Bundesliga,CB,82,69,69,63,62,84,73
Víctor Ruíz,Villarreal CF,LaLiga Santander,CB,82,58,42,64,61,83,81
Francesco Acerbi,Sassuolo,Calcio A,CB,82,62,50,58,59,85,77
Antonio Rüdiger,Chelsea,Premier League,CB,82,74,40,64,64,82,83
Saúl,Atlético Madrid,LaLiga Santander,CM,82,73,69,78,81,77,75
Lars Stindl,Borussia Mönchengladbach,Bundesliga,CF,82,71,84,79,79,64,74
Leroy Sané,Manchester City,Premier League,LW,82,94,77,72,85,34,70
Lars Bender,Bayer 04 Leverkusen,Bundesliga,CDM,82,68,64,73,73,82,79
Federico Fazio,Roma,Calcio A,CB,82,30,41,54,56,84,81
Keita Baldé Diao,AS Monaco Football Club SA,Ligue 1,LW,82,92,76,72,86,29,70
Lucas Vázquez,Real Madrid CF,LaLiga Santander,RW,82,81,75,81,82,38,67
Jean Michaël Seri,OGC Nice,Ligue 1,CM,82,80,71,82,81,72,74
Arda Turan,FC Barcelona,LaLiga Santander,CM,82,71,73,81,84,61,72
Samir Nasri,Antalyaspor,Süper Lig,LM,82,78,76,81,84,38,59
Gary Medel,Beşiktaş JK,Süper Lig,CDM,82,74,48,68,71,81,81
Ciro Immobile,Lazio,Calcio A,ST,82,81,83,61,78,38,74
Marcos Rojo,Manchester United,Premier League,CB,82,71,59,69,68,80,83
Raúl Albiol,Napoli,Calcio A,CB,82,57,41,57,60,84,76
Tiémoué Bakayoko,Chelsea,Premier League,CDM,82,73,49,70,71,81,83
Franco Vázquez,Sevilla FC,LaLiga Santander,CAM,82,64,77,79,84,43,75
Moussa Dembélé,Tottenham Hotspur,Premier League,CM,82,76,72,76,85,74,84
Manu Trigueros,Villarreal CF,LaLiga Santander,CM,82,74,74,80,81,65,69
Juan Cuadrado,Juventus,Calcio A,RM,82,91,74,75,86,61,65
Nathaniel Clyne,Liverpool,Premier League,RB,82,83,61,71,77,80,76
Stefan Savić,Atlético Madrid,LaLiga Santander,CB,82,63,35,52,57,83,74
Corentin Tolisso,FC Bayern München,Bundesliga,CM,82,74,76,78,78,76,83
Nabil Fekir,Olympique Lyonnais,Ligue 1,CAM,82,78,79,77,86,31,72
Gylfi Sigurðsson,Swansea City,Premier League,CAM,82,66,81,84,79,52,70
Mateo Kovačić,Real Madrid CF,LaLiga Santander,CM,82,81,69,82,84,61,69
Parejo,Valencia CF,LaLiga Santander,CM,82,52,77,87,77,61,71
André Gomes,FC Barcelona,LaLiga Santander,CM,82,68,71,78,78,71,81
Douglas Costa,Juventus,Calcio A,LM,82,92,77,77,84,32,64
Eric Dier,Tottenham Hotspur,Premier League,CB,82,63,63,71,64,81,85
Jordan Henderson,Liverpool,Premier League,CDM,82,72,70,82,76,76,81
Fernandinho,Manchester City,Premier League,CDM,82,73,73,76,77,77,78
Xherdan Shaqiri,Stoke City,Premier League,RM,82,83,77,78,84,46,65
Lucas,Paris Saint-Germain,Ligue 1,RW,82,93,74,75,86,45,62
Aaron Ramsey,Arsenal,Premier League,CM,82,68,75,79,80,65,75
Javier Hernández,West Ham United,Premier League,ST,82,79,80,66,78,31,59
Marko Arnautović,West Ham United,Premier League,LM,82,77,74,79,81,53,80
Roque Mesa,Swansea City,Premier League,CDM,82,77,61,76,77,73,80
Islam Slimani,Leicester City,Premier League,ST,82,69,78,67,73,47,86
Alessandro Florenzi,Roma,Calcio A,RB,82,85,79,78,82,76,76
Iborra,Leicester City,Premier League,CDM,82,50,73,73,69,83,83
Jonathan Viera,UD Las Palmas,LaLiga Santander,CM,82,80,75,81,86,52,68
Mario Balotelli,OGC Nice,Ligue 1,ST,82,80,82,70,79,26,77
Karim Bellarabi,Bayer 04 Leverkusen,Bundesliga,RM,82,92,77,74,84,33,68
Florian Thauvin,Olympique de Marseille,Ligue 1,RW,82,82,76,78,83,36,63
Leon Goretzka,FC Schalke 04,Bundesliga,CM,82,84,73,79,80,77,76
Georginio Wijnaldum,Liverpool,Premier League,CM,82,81,75,76,84,66,74
Carlos Vela,Real Sociedad,LaLiga Santander,RW,82,84,79,77,82,25,66
Iñigo Martínez,Real Sociedad,LaLiga Santander,CB,82,71,56,63,62,82,79
Ashley Williams,Everton,Premier League,CB,82,65,43,56,62,81,81
Danny Rose,Tottenham Hotspur,Premier League,LB,82,81,63,73,77,81,78
Leighton Baines,Everton,Premier League,LB,82,70,71,80,79,80,71
Deulofeu,FC Barcelona,LaLiga Santander,LW,82,93,70,75,87,26,61
Andriy Yarmolenko,Borussia Dortmund,Bundesliga,RW,81,81,78,80,82,37,76
Bastian Schweinsteiger,Chicago Fire Soccer Club,Major League Soccer,CM,81,39,75,81,74,74,74
Jesús Corona,FC Porto,Liga NOS,RM,81,83,72,74,88,40,51
Fernando Torres,Atlético Madrid,LaLiga Santander,ST,81,76,78,71,78,25,69
Samuel Eto'o,Antalyaspor,Süper Lig,ST,81,74,83,74,79,36,71
Bruma,RB Leipzig,Bundesliga,LM,81,93,71,73,85,34,65
André-Pierre Gignac,Tigres U.A.N.L.,LIGA Bancomer MX,ST,81,72,83,72,73,39,82
Sebastián Coates,Sporting CP,Liga NOS,CB,81,58,40,53,60,80,86
Gelson Martins,Sporting CP,Liga NOS,RM,81,94,70,73,86,44,60
Martin Škrtel,Fenerbahçe SK,Süper Lig,CB,81,61,38,51,53,82,81
Simon Kjær,Sevilla FC,LaLiga Santander,CB,81,64,55,64,54,81,80
Nélson Semedo,FC Barcelona,LaLiga Santander,RB,81,92,57,68,80,76,71
Davinson Sánchez,Tottenham Hotspur,Premier League,CB,81,71,47,50,60,81,83
Mário Fernandes,CSKA Moscow,Sogaz Russian Football Championship,RWB,81,84,65,73,76,80,77
Darijo Srna,Shakhtar Donetsk,Ukrayina Liha,RB,81,73,75,85,76,78,74
Jorginho,Napoli,Calcio A,CM,81,75,64,80,80,70,68
Giuliano,Fenerbahçe SK,Süper Lig,CAM,81,81,76,77,82,45,73
Konstantinos Mitroglou,SL Benfica,Liga NOS,ST,81,58,81,64,72,19,83
Hakim Ziyech,Ajax,Eredivisie,CM,81,76,74,86,78,52,64
Manuel Lanzini,West Ham United,Premier League,CAM,81,82,71,78,86,28,53
Wissam Ben Yedder,Sevilla FC,LaLiga Santander,ST,81,83,79,75,85,34,63
Kevin Mirallas,Everton,Premier League,LM,81,83,77,77,83,46,65
Andreas Christensen,Chelsea,Premier League,CB,81,64,31,62,67,84,69
Kevin Kampl,RB Leipzig,Bundesliga,CM,81,80,68,77,84,58,62
Séamus Coleman,Everton,Premier League,RB,81,73,66,73,78,80,77
Dante,OGC Nice,Ligue 1,CB,81,45,52,67,64,82,74
Mario Götze,Borussia Dortmund,Bundesliga,CM,81,68,72,81,88,38,62
Patrice Evra,Olympique de Marseille,Ligue 1,LB,81,74,51,71,76,82,73
Per Mertesacker,Arsenal,Premier League,CB,81,27,41,55,49,85,70
Iturraspe,Athletic Club de Bilbao,LaLiga Santander,CM,81,59,63,77,70,79,72
Mario Gaspar,Villarreal CF,LaLiga Santander,RB,81,81,70,70,73,80,81
Thomas Meunier,Paris Saint-Germain,Ligue 1,RB,81,76,74,75,77,78,84
Sebastian Rudy,FC Bayern München,Bundesliga,CM,81,71,67,80,80,74,67
Marcelo Brozović,Inter,Calcio A,CM,81,70,73,79,80,68,69
Illarramendi,Real Sociedad,LaLiga Santander,CM,81,60,66,77,78,77,70
Mamadou Sakho,Crystal Palace,Premier League,CB,81,61,33,62,57,80,85
Joshua Kimmich,FC Bayern München,Bundesliga,RB,81,70,67,82,80,77,72
De Marcos,Athletic Club de Bilbao,LaLiga Santander,RB,81,86,62,73,78,74,79
Thiago Motta,Paris Saint-Germain,Ligue 1,CDM,81,32,64,76,68,76,82
Cédric Bakambu,Villarreal CF,LaLiga Santander,ST,81,87,78,72,80,35,74
Lucas Pérez,RC Deportivo de La Coruña,LaLiga Santander,ST,81,81,82,76,80,31,71
Dejan Lovren,Liverpool,Premier League,CB,81,56,40,59,63,82,82
Dani García,SD Eibar,LaLiga Santander,CDM,81,48,58,74,71,73,80
Stevan Jovetić,AS Monaco Football Club SA,Ligue 1,ST,81,77,81,75,84,34,66
Younès Belhanda,Galatasaray SK,Süper Lig,CAM,81,75,77,79,84,56,70
Ricardo Rodríguez,Milan,Calcio A,LB,81,74,67,80,77,77,72
Wayne Rooney,Everton,Premier League,CAM,81,68,81,80,76,52,81
Domenico Berardi,Sassuolo,Calcio A,RW,81,85,80,76,83,30,72
Davide Astori,Fiorentina,Calcio A,CB,81,68,36,52,61,84,77
Raúl García,Athletic Club de Bilbao,LaLiga Santander,CAM,81,57,76,82,77,66,76
Wilfried Zaha,Crystal Palace,Premier League,RM,81,90,71,71,86,33,72
Julian Weigl,Borussia Dortmund,Bundesliga,CDM,81,70,49,76,76,76,68
Felipe Anderson,Lazio,Calcio A,RW,81,92,75,77,86,53,62
Christian Benteke,Crystal Palace,Premier League,ST,81,73,79,65,74,33,80
Marc Bartra,Borussia Dortmund,Bundesliga,CB,81,77,52,70,74,82,71
Héctor Bellerín,Arsenal,Premier League,RB,81,95,51,69,78,75,70
Adil Rami,Olympique de Marseille,Ligue 1,CB,81,53,54,48,59,81,82
Ross Barkley,Everton,Premier League,CAM,81,77,73,77,82,55,77
Marcos Alonso,Chelsea,Premier League,LWB,81,77,69,76,76,77,80
Chris Smalling,Manchester United,Premier League,CB,81,72,46,56,60,81,83
Marco Parolo,Lazio,Calcio A,CM,81,71,76,76,76,77,81
Hatem Ben Arfa,Paris Saint-Germain,Ligue 1,CAM,81,76,77,77,85,35,69
Grzegorz Krychowiak,West Bromwich Albion,Premier League,CDM,81,65,58,72,67,79,86
Gabi,Atlético Madrid,LaLiga Santander,CM,81,64,72,79,76,75,73
Serge Aurier,Tottenham Hotspur,Premier League,RB,81,84,66,73,77,78,84
Jack Wilshere,Arsenal,Premier League,CM,81,71,69,80,82,62,72
Andrej Kramarić,TSG 1899 Hoffenheim,Bundesliga,ST,81,73,81,70,84,26,71
Michael Keane,Everton,Premier League,CB,81,72,49,64,68,82,82
Williams,Athletic Club de Bilbao,LaLiga Santander,RW,81,93,78,73,79,34,79
Gabriel Fernando de J...,Manchester City,Premier League,ST,81,87,79,71,87,26,67
Morgan Sanson,Olympique de Marseille,Ligue 1,CM,81,76,75,80,80,76,77
Raphaël Guerreiro,Borussia Dortmund,Bundesliga,LM,81,77,75,81,83,74,63
Sergi Roberto,FC Barcelona,LaLiga Santander,RB,81,77,64,80,75,79,72
Nikola Kalinić,Milan,Calcio A,ST,81,73,79,64,75,35,76
Jamie Vardy,Leicester City,Premier League,ST,81,91,79,63,77,51,78
Nacho Fernández,Real Madrid CF,LaLiga Santander,CB,81,76,37,65,64,81,78
Mathieu Valbuena,Fenerbahçe SK,Süper Lig,LW,81,80,74,79,82,29,49
Camacho,VfL Wolfsburg,Bundesliga,CDM,81,61,60,71,70,80,81
Rafinha,FC Barcelona,LaLiga Santander,CM,81,74,76,79,84,62,64
Ignacio Piatti,Montreal Impact,Major League Soccer,LW,80,76,80,73,85,49,73
Igor Smolnikov,Zenit St. Petersburg,Sogaz Russian Football Championship,RB,80,87,61,75,73,76,74
Oğuzhan Özyakup,Beşiktaş JK,Süper Lig,CM,80,75,74,83,81,59,69
Fedor Smolov,FC Krasnodar,Sogaz Russian Football Championship,ST,80,87,80,70,76,32,73
Atiba Hutchinson,Beşiktaş JK,Süper Lig,CDM,80,69,65,75,75,77,79
Fernando Belluschi,San Lorenzo de Almagro,Primera División,CAM,80,70,75,81,79,58,69
Marcano,FC Porto,Liga NOS,CB,80,68,45,59,59,81,78
Domenico Criscito,Zenit St. Petersburg,Sogaz Russian Football Championship,LB,80,77,61,74,72,78,79
Eduardo Salvio,SL Benfica,Liga NOS,RM,80,87,74,74,80,44,70
Yaroslav Rakitskyi,Shakhtar Donetsk,Ukrayina Liha,CB,80,72,68,76,73,81,78
Alex Telles,FC Porto,Liga NOS,LB,80,83,61,77,78,75,74
Kaká,Orlando City Soccer Club,Major League Soccer,CAM,80,62,76,79,78,30,58
Taras Stepanenko,Shakhtar Donetsk,Ukrayina Liha,CDM,80,67,61,71,70,79,80
Serdar Tasci,Spartak Moscow,Sogaz Russian Football Championship,CB,80,66,41,64,67,81,69
Manuel Fernandes,Lokomotiv Moscow,Sogaz Russian Football Championship,CAM,80,79,76,79,82,66,71
Alan Dzagoev,CSKA Moscow,Sogaz Russian Football Championship,CM,80,77,74,78,78,71,69
Andrés Guardado,Real Betis Balompié,LaLiga Santander,CM,80,76,64,80,82,67,68
Andreas Granqvist,FC Krasnodar,Sogaz Russian Football Championship,CB,80,48,58,59,56,82,78
Mehmet Topal,Fenerbahçe SK,Süper Lig,CDM,80,68,66,67,74,82,80
Fred,Shakhtar Donetsk,Ukrayina Liha,CM,80,82,70,76,82,71,63
Oleg Shatov,Zenit St. Petersburg,Sogaz Russian Football Championship,LM,80,88,73,77,81,47,68
Héctor Moreno,Roma,Calcio A,CB,80,66,49,65,63,81,75
Vitaliy Denisov,Lokomotiv Moscow,Sogaz Russian Football Championship,LB,80,83,51,67,71,79,79
Eric Botteghin,Feyenoord,Eredivisie,CB,80,34,36,48,50,82,83
Grimaldo,SL Benfica,Liga NOS,LB,80,86,60,72,81,75,72
Jardel,SL Benfica,Liga NOS,CB,80,60,42,52,52,81,82
Karim El Ahmadi,Feyenoord,Eredivisie,CM,80,65,62,74,77,72,78
Lukas Podolski,Vissel Kobe,Meiji Yasuda J1 League,ST,80,78,84,75,77,39,74
Youri Tielemans,AS Monaco Football Club SA,Ligue 1,CM,80,53,79,80,77,68,71
Roberto Pereyra,Watford,Premier League,CM,80,78,68,80,81,68,68
Salomon Kalou,Hertha Berlin,Bundesliga,LM,80,68,78,73,84,33,62
Jemerson,AS Monaco Football Club SA,Ligue 1,CB,80,63,35,51,60,81,75
Ganso,Sevilla FC,LaLiga Santander,CAM,80,35,75,84,80,38,63
Angelo Ogbonna,West Ham United,Premier League,CB,80,69,40,58,61,82,77
Iago Falqué,Torino,Calcio A,RW,80,79,72,78,84,35,57
Matteo Darmian,Manchester United,Premier League,LB,80,77,58,68,76,80,73
Fabián Orellana,Valencia CF,LaLiga Santander,CAM,80,80,73,76,83,32,50
Sidnei,RC Deportivo de La Coruña,LaLiga Santander,CB,80,51,50,59,68,80,81
Diego Perotti,Roma,Calcio A,CF,80,81,71,78,85,32,59
Kevin Vogt,TSG 1899 Hoffenheim,Bundesliga,CB,80,76,57,69,67,79,80
James McCarthy,Everton,Premier League,CDM,80,70,60,75,74,77,81
Nacho Monreal,Arsenal,Premier League,LB,80,73,53,72,75,80,72
John Brooks,VfL Wolfsburg,Bundesliga,CB,80,74,39,57,64,81,77
Dušan Basta,Lazio,Calcio A,RB,80,76,67,71,76,80,76
Jérémy Mathieu,Sporting CP,Liga NOS,CB,80,72,62,67,61,80,83
Danny Welbeck,Arsenal,Premier League,ST,80,84,74,71,78,37,78
Roberto Soriano,Villarreal CF,LaLiga Santander,LM,80,77,77,80,80,63,73
Ryan Bertrand,Southampton,Premier League,LB,80,79,53,71,77,79,75
Nabil Bentaleb,FC Schalke 04,Bundesliga,CM,80,67,71,77,81,70,72
Sven Bender,Bayer 04 Leverkusen,Bundesliga,CB,80,70,51,61,61,82,80
Hugo Mallo,RC Celta de Vigo,LaLiga Santander,RB,80,74,40,70,74,77,76
Phil Jagielka,Everton,Premier League,CB,80,50,46,58,56,82,78
Ricardo Pereira,FC Porto,Liga NOS,RB,80,88,62,77,81,77,70
Eder,Inter,Calcio A,ST,80,85,80,73,83,25,63
Theo Walcott,Arsenal,Premier League,RM,80,91,75,72,80,38,66
André Ayew,West Ham United,Premier League,RM,80,75,74,75,81,60,77
Maxime Gonalons,Roma,Calcio A,CDM,80,66,61,69,70,80,81
Mikel San José,Athletic Club de Bilbao,LaLiga Santander,CM,80,43,70,70,70,79,78
Josip Iličić,Atalanta,Calcio A,CF,80,70,82,80,81,35,64
Michy Batshuayi,Chelsea,Premier League,ST,80,79,80,69,77,27,74
Dušan Tadić,Southampton,Premier League,CAM,80,70,67,80,83,37,64
Jonas Hector,1. FC Köln,Bundesliga,CDM,80,77,60,76,76,79,77
Pablo Sarabia,Sevilla FC,LaLiga Santander,RM,80,76,73,80,83,30,53
Josuha Guilavogui,VfL Wolfsburg,Bundesliga,CDM,80,70,59,66,68,81,81
Gabriel Paletta,Milan,Calcio A,CB,80,51,33,42,55,83,82
Stephan El Shaarawy,Roma,Calcio A,LW,80,87,75,70,84,31,58
James Milner,Liverpool,Premier League,LB,80,67,74,82,77,76,78
Piotr Zieliński,Napoli,Calcio A,CM,80,83,69,79,82,62,60
Daley Blind,Manchester United,Premier League,CB,80,60,56,79,76,80,76
Michail Antonio,West Ham United,Premier League,ST,80,85,74,70,80,52,82
Simone Zaza,Valencia CF,LaLiga Santander,ST,80,76,79,59,76,42,84
Valère Germain,Olympique de Marseille,Ligue 1,ST,80,78,80,75,79,31,68
Sead Kolašinac,Arsenal,Premier League,LB,80,78,53,61,64,78,89
André Schürrle,Borussia Dortmund,Bundesliga,LM,80,83,82,74,79,38,70
Kevin-Prince Boateng,Eintracht Frankfurt,Bundesliga,ST,80,73,77,77,79,67,80
Memphis Depay,Olympique Lyonnais,Ligue 1,LW,80,89,77,72,83,30,77
Coke,FC Schalke 04,Bundesliga,RB,80,75,63,70,74,79,72
José Fonte,West Ham United,Premier League,CB,80,43,35,52,62,80,77
Thorgan Hazard,Borussia Mönchengladbach,Bundesliga,RF,80,81,78,80,84,37,64
Romain Thomas,Angers SCO,Ligue 1,CB,80,54,34,58,50,80,76
Daniel Didavi,VfL Wolfsburg,Bundesliga,CAM,80,77,81,76,80,52,72
Javi Fuego,RCD Espanyol,LaLiga Santander,CDM,80,56,60,72,68,78,78
Gustavo Cabral,RC Celta de Vigo,LaLiga Santander,CB,80,42,31,56,57,81,78
Jeremain Lens,Beşiktaş JK,Süper Lig,RM,80,89,76,76,81,32,71
Jermain Defoe,Bournemouth,Premier League,ST,80,74,85,61,79,25,65
Kevin Volland,Bayer 04 Leverkusen,Bundesliga,ST,80,77,81,78,79,39,82
Layvin Kurzawa,Paris Saint-Germain,Ligue 1,LB,80,77,69,77,78,77,75
Daniel Wass,RC Celta de Vigo,LaLiga Santander,CM,80,75,73,80,79,66,71
Samu Castillejo,Villarreal CF,LaLiga Santander,RM,80,86,67,79,81,37,48
Pablo Hernández,RC Celta de Vigo,LaLiga Santander,CM,80,71,71,75,78,64,79
Pedro León,SD Eibar,LaLiga Santander,RM,80,67,76,83,81,40,62
Luiz Gustavo,Olympique de Marseille,Ligue 1,CDM,80,64,59,68,70,80,80
Marcel Schmelzer,Borussia Dortmund,Bundesliga,LB,80,80,51,69,67,79,79
Julian Brandt,Bayer 04 Leverkusen,Bundesliga,LM,80,82,73,76,83,26,61
Luis Muriel,Sevilla FC,LaLiga Santander,ST,80,89,77,68,84,24,72
Alex Oxlade-Chamberlain,Liverpool,Premier League,RM,80,88,70,74,83,52,70
Michael Carrick,Manchester United,Premier League,CDM,80,44,65,81,73,75,66
Erik Lamela,Tottenham Hotspur,Premier League,RM,80,76,77,79,82,45,67
Sergej Milinković-Savić,Lazio,Calcio A,CM,80,71,71,73,79,73,83
Adrien Rabiot,Paris Saint-Germain,Ligue 1,CM,80,70,71,77,77,73,77
Vedad Ibišević,Hertha Berlin,Bundesliga,ST,80,53,80,68,73,31,76
Leo Baptistao,RCD Espanyol,LaLiga Santander,ST,80,79,77,69,79,28,64
Daniele Rugani,Juventus,Calcio A,CB,80,61,39,53,64,83,75
Salomón Rondón,West Bromwich Albion,Premier League,ST,80,75,76,56,74,31,80
Augusto Fernández,Atlético Madrid,LaLiga Santander,CM,80,69,70,77,79,68,75
Antonio Candreva,Inter,Calcio A,RM,80,78,80,76,79,56,71
Ibrahima Traoré,Borussia Mönchengladbach,Bundesliga,RM,80,88,72,77,84,39,56
Matija Nastasić,FC Schalke 04,Bundesliga,CB,80,70,31,58,52,82,75
Valter Birsa,Chievo Verona,Calcio A,CAM,80,75,72,80,82,49,72
Daniel Carriço,Sevilla FC,LaLiga Santander,CB,80,57,53,68,64,80,78
Jonathan dos Santos,LA Galaxy,Major League Soccer,CM,80,66,68,82,80,59,67
Allan,Napoli,Calcio A,CM,80,77,65,75,78,79,81
Kerem Demirbay,TSG 1899 Hoffenheim,Bundesliga,CAM,80,68,73,79,82,53,71
Sergi Enrich,SD Eibar,LaLiga Santander,ST,80,66,77,69,75,42,79
Denis Suárez,FC Barcelona,LaLiga Santander,CM,80,79,74,81,83,51,58
Tomáš Rosický,AC Sparta Prague,HET liga,CAM,79,73,70,79,82,43,63
Vasiliy Berezutskiy,CSKA Moscow,Sogaz Russian Football Championship,CB,79,52,39,67,48,82,75
Nicolai Jørgensen,Feyenoord,Eredivisie,ST,79,77,78,71,77,36,77
Anderson Talisca,Beşiktaş JK,Süper Lig,CAM,79,75,81,78,76,59,71
Marcus Rashford,Manchester United,Premier League,ST,79,92,76,70,81,34,74
Miguel Almirón,Atlanta United FC,Major League Soccer,CAM,79,89,73,74,79,56,59
Artem Dzyuba,Zenit St. Petersburg,Sogaz Russian Football Championship,ST,79,71,75,67,69,29,85
Bernard,Shakhtar Donetsk,Ukrayina Liha,CAM,79,88,70,75,83,40,44
Óliver Torres,FC Porto,Liga NOS,CM,79,71,68,78,84,58,52
Andrea Pirlo,New York City Football Club,Major League Soccer,CM,79,33,64,89,76,46,50
Pontus Wernbloom,CSKA Moscow,Sogaz Russian Football Championship,CDM,79,56,67,67,67,80,85
Leander Dendoncker,RSC Anderlecht,Belgium Pro League,CDM,79,68,71,76,69,77,83
Salif Sané,Hannover 96,Bundesliga 2,CB,79,65,48,62,66,78,81
Edin Višća,Medipol Başakşehir FK,Süper Lig,RM,79,89,79,71,82,37,58
Tiquinho Soares,FC Porto,Liga NOS,ST,79,85,76,59,76,43,85
Seydou Doumbia,Sporting CP,Liga NOS,ST,79,91,77,67,77,39,73
Aleksandar Kolarov,Roma,Calcio A,LB,79,66,69,78,75,78,78
Kurt Zouma,Stoke City,Premier League,CB,79,67,50,58,56,79,83
Michael Krohn-Dehli,Sevilla FC,LaLiga Santander,LM,79,67,75,82,77,64,66
Willi Orban,RB Leipzig,Bundesliga,CB,79,54,34,52,59,79,78
Lucas Leiva,Lazio,Calcio A,CDM,79,45,39,69,71,78,74
David Abraham,Eintracht Frankfurt,Bundesliga,CB,79,80,56,61,54,79,77
Yunus Mallı,VfL Wolfsburg,Bundesliga,CAM,79,76,71,78,82,34,59
Marouane Fellaini,Manchester United,Premier League,CDM,79,50,71,70,73,75,89
Sandro Wagner,TSG 1899 Hoffenheim,Bundesliga,ST,79,60,80,50,67,30,83
Gayà,Valencia CF,LaLiga Santander,LB,79,86,58,75,77,75,68
João Cancelo,Valencia CF,LaLiga Santander,RB,79,92,65,75,79,73,71
Pablo Zabaleta,West Ham United,Premier League,RB,79,61,56,70,74,81,78
Fabian Johnson,Borussia Mönchengladbach,Bundesliga,LM,79,87,67,76,78,70,70
Arkadiusz Milik,Napoli,Calcio A,ST,79,73,83,62,72,37,71
Paco Alcácer,FC Barcelona,LaLiga Santander,ST,79,73,78,62,75,30,63
Sébastien Corchia,Sevilla FC,LaLiga Santander,RB,79,77,65,75,76,77,72
Jannik Vestergaard,Borussia Mönchengladbach,Bundesliga,CB,79,46,49,59,50,79,81
Sofiane Boufal,Southampton,Premier League,LW,79,82,71,72,85,36,43
Ştefan Radu,Lazio,Calcio A,LB,79,72,64,65,68,84,74
Serge Gnabry,TSG 1899 Hoffenheim,Bundesliga,LM,79,90,76,71,82,43,67
Ángel Correa,Atlético Madrid,LaLiga Santander,ST,79,82,80,65,85,49,57
Emre Can,Liverpool,Premier League,CM,79,71,67,76,77,78,84
Cédric,Southampton,Premier League,RB,79,82,67,72,76,76,72
Hernán Pérez,RCD Espanyol,LaLiga Santander,RM,79,82,74,73,80,29,72
Francis Coquelin,Arsenal,Premier League,CDM,79,66,52,67,75,78,80
Yohan Cabaye,Crystal Palace,Premier League,CDM,79,63,73,78,76,73,71
Mahmoud Dahoud,Borussia Dortmund,Bundesliga,CM,79,73,65,77,80,62,67
Oriol Romeu,Southampton,Premier League,CDM,79,57,38,65,63,78,85
Hakan Çalhanoğlu,Milan,Calcio A,LM,79,69,80,81,78,41,56
Eliaquim Mangala,Manchester City,Premier League,CB,79,70,42,55,52,79,85
Nuri Şahin,Borussia Dortmund,Bundesliga,CDM,79,54,67,83,80,72,68
John Stones,Manchester City,Premier League,CB,79,71,35,67,71,80,77
Kingsley Coman,FC Bayern München,Bundesliga,RM,79,92,75,72,82,19,58
Marco Fabián,Eintracht Frankfurt,Bundesliga,CAM,79,72,78,77,81,36,68
Luciano Vietto,Sevilla FC,LaLiga Santander,ST,79,75,78,72,84,36,62
Maximilian Arnold,VfL Wolfsburg,Bundesliga,CM,79,67,80,74,77,66,69
Danilo,Udinese,Calcio A,CB,79,51,39,49,53,84,69
Benjamin Hübner,TSG 1899 Hoffenheim,Bundesliga,CB,79,55,31,51,60,82,73
Wilfried Bony,Swansea City,Premier League,ST,79,66,80,59,73,39,81
Nicola Sansone,Villarreal CF,LaLiga Santander,ST,79,83,80,73,82,35,67
Max Meyer,FC Schalke 04,Bundesliga,CAM,79,72,62,77,84,35,53
Wylan Cyprien,OGC Nice,Ligue 1,CM,79,79,75,77,80,73,81
Bernat,FC Bayern München,Bundesliga,LB,79,78,60,74,83,76,66
Victor Moses,Chelsea,Premier League,RWB,79,83,71,72,82,69,74
Kyriakos Papadopoulos,Hamburger SV,Bundesliga,CB,79,62,42,49,49,78,83
Gareth Barry,Everton,Premier League,CDM,79,32,65,79,69,78,76
Miguel Layún,FC Porto,Liga NOS,LB,78,78,72,75,76,74,71
Clint Dempsey,Seattle Sounders FC,Major League Soccer,CF,78,64,78,71,77,37,70
Michael Bradley,Toronto FC,Major League Soccer,CDM,78,64,68,77,76,71,80
Kasper Dolberg,Ajax,Eredivisie,ST,78,76,79,61,77,26,69
Joãozinho,FC Krasnodar,Sogaz Russian Football Championship,LM,78,90,74,75,78,56,51
Rick Karsdorp,Roma,Calcio A,RB,78,87,63,72,74,73,78
Mohamed Elyounoussi,FC Basel,Raiffeisen Super League,LM,78,85,71,76,79,39,65
Lasse Schøne,Ajax,Eredivisie,CM,78,50,76,82,76,59,60
Lautaro Acosta,Club Atlético Lanús,Primera División,LW,78,93,72,70,80,33,55
Raúl,SC Braga,Liga NOS,CB,78,50,55,56,57,77,83
Hernâni,Vitória Guimarães,Liga NOS,RM,78,91,69,70,80,22,59
Vincent Aboubakar,FC Porto,Liga NOS,ST,78,80,75,69,78,27,80
Adriano,Beşiktaş JK,Süper Lig,LB,78,75,71,77,81,75,72
Andreas Samaris,SL Benfica,Liga NOS,CDM,78,60,65,69,70,78,84
Hirving Lozano,PSV,Eredivisie,LW,78,93,72,71,81,34,61
Alfred N'Diaye,Wolverhampton Wanderers,EFL Championship,CDM,78,72,54,64,67,76,86
Christian Pulisic,Borussia Dortmund,Bundesliga,RM,78,91,68,70,83,33,56
Benjamin Mendy,Manchester City,Premier League,LB,78,82,48,70,75,74,79
Granero,RCD Espanyol,LaLiga Santander,CM,78,57,72,82,77,65,63
James Ward-Prowse,Southampton,Premier League,CM,78,66,66,84,75,61,67
Matías Fernández,Fiorentina,Calcio A,CAM,78,76,70,79,86,56,59
Blerim Džemaili,Montreal Impact,Major League Soccer,CM,78,66,75,76,76,67,75
Danilo,Manchester City,Premier League,RB,78,78,70,71,74,76,79
Wahbi Khazri,Sunderland,Premier League,LM,78,76,78,76,78,43,68
Fin Bartels,SV Werder Bremen,Bundesliga,CF,78,86,73,73,81,40,61
Guido Burgstaller,FC Schalke 04,Bundesliga,ST,78,73,78,65,73,29,83
Llorente,Tottenham Hotspur,Premier League,ST,78,49,75,60,67,28,78
Jose Holebas,Watford,Premier League,LB,78,80,67,70,74,76,82
Yannick Bolasie,Everton,Premier League,RM,78,87,68,68,83,31,78
Jefferson Montero,Swansea City,Premier League,LM,78,90,68,73,81,31,65
Takashi Inui,SD Eibar,LaLiga Santander,LM,78,83,69,73,86,37,58
Joaquín,Real Betis Balompié,LaLiga Santander,RM,78,68,74,81,82,38,51
Kevin Wimmer,Stoke City,Premier League,CB,78,59,27,61,65,79,74
Kieran Gibbs,Arsenal,Premier League,LB,78,79,55,70,74,77,72
Nicolai Müller,Hamburger SV,Bundesliga,RM,78,87,72,70,81,45,66
Marvin Plattenhardt,Hertha Berlin,Bundesliga,LB,78,77,55,77,75,74,71
Kwadwo Asamoah,Juventus,Calcio A,LB,78,77,68,77,82,75,74
Ragnar Klavan,Liverpool,Premier League,CB,78,57,48,63,62,78,76
David López,RCD Espanyol,LaLiga Santander,CDM,78,60,66,66,67,77,81
Leonardo Bittencourt,1. FC Köln,Bundesliga,LM,78,84,65,75,81,53,62
Mitchell Weiser,Hertha Berlin,Bundesliga,RB,78,84,62,75,83,72,70
Marcel Sabitzer,RB Leipzig,Bundesliga,CAM,78,83,78,71,78,32,76
Divock Origi,Liverpool,Premier League,ST,78,83,76,68,75,31,77
Riccardo Montolivo,Milan,Calcio A,CDM,78,56,68,82,78,69,68
Niklas Stark,Hertha Berlin,Bundesliga,CB,78,77,54,66,67,78,77
Fabio Quagliarella,Sampdoria,Calcio A,ST,78,71,83,71,77,24,68
Nacer Chadli,West Bromwich Albion,Premier League,RM,78,76,77,75,78,45,76
Troy Deeney,Watford,Premier League,ST,78,65,81,65,70,36,85
Kieran Trippier,Tottenham Hotspur,Premier League,RB,78,77,56,77,75,76,74
Rodrigo,Valencia CF,LaLiga Santander,ST,78,91,75,70,78,32,68
Andy Carroll,West Ham United,Premier League,ST,78,62,78,61,69,49,85
Marco Höger,1. FC Köln,Bundesliga,CM,78,57,71,76,74,78,80
Raúl Bobadilla,Borussia Mönchengladbach,Bundesliga,ST,78,73,77,70,78,37,86
Ben Davies,Tottenham Hotspur,Premier League,LB,78,75,54,71,74,78,73
John Terry,Aston Villa,EFL Championship,CB,78,34,47,57,52,80,73
Keisuke Honda,Pachuca,LIGA Bancomer MX,RW,78,76,71,81,82,48,66
Aïssa Mandi,Real Betis Balompié,LaLiga Santander,CB,78,68,46,73,69,78,72
Danny Ings,Liverpool,Premier League,ST,77,82,74,64,77,35,71
Rúben Neves,Wolverhampton Wanderers,EFL Championship,CDM,77,66,68,78,73,72,71
Jetro Willems,Eintracht Frankfurt,Bundesliga,LB,77,79,62,78,78,72,75
André Pinto,Sporting CP,Liga NOS,CB,77,50,45,54,51,78,80
Alper Potuk,Fenerbahçe SK,Süper Lig,CAM,77,86,68,73,80,49,68
Juan Fernando Quintero,Independiente Medellín,Liga Dimayor,CAM,77,74,70,77,84,28,43
Jelle Van Damme,LA Galaxy,Major League Soccer,CB,77,64,61,67,64,72,92
Pedro Henrique,Vitória Guimarães,Liga NOS,CB,77,51,42,46,56,77,84
Dorlan Pabón,Monterrey,LIGA Bancomer MX,LW,77,88,79,71,78,41,81
Victor Vinícius Coelh...,CSKA Moscow,Sogaz Russian Football Championship,ST,77,79,79,74,81,39,61
Wilson Eduardo,SC Braga,Liga NOS,LM,77,80,78,73,77,30,68
Moussa Marega,Vitória Guimarães,Liga NOS,ST,77,84,78,59,60,36,88
Aaron Mooy,Huddersfield Town,EFL Championship,CM,77,69,70,77,74,66,76
Romain Alessandrini,LA Galaxy,Major League Soccer,RM,77,89,75,73,79,35,64
Martin Braithwaite,Middlesbrough,Premier League,ST,77,84,75,73,77,34,78
Juan Jesus,Roma,Calcio A,CB,77,79,33,53,60,77,83
Jesé,Stoke City,Premier League,LM,77,83,71,73,80,24,56
Fernando,Galatasaray SK,Süper Lig,CDM,77,64,61,66,68,78,82
Alessandro Schöpf,FC Schalke 04,Bundesliga,RM,77,78,71,70,79,53,68
Joshua King,Bournemouth,Premier League,ST,77,90,77,60,75,29,70
Loïc Rémy,UD Las Palmas,LaLiga Santander,ST,77,76,76,65,73,33,69
Maximilian Philipp,Borussia Dortmund,Bundesliga,CF,77,80,75,70,79,31,65
Jhon Córdoba,1. FC Köln,Bundesliga,ST,77,80,73,61,73,41,84
Vincent Janssen,Fenerbahçe SK,Süper Lig,ST,77,70,78,56,70,26,78
Alexander Meier,Eintracht Frankfurt,Bundesliga,ST,77,37,81,70,70,42,69
Max Gradel,Toulouse Football Club,Ligue 1,CAM,77,85,73,71,80,44,60
Eric Maxim Choupo-Moting,Stoke City,Premier League,LM,77,77,73,68,82,36,72
Jérémy Ménez,Antalyaspor,Süper Lig,ST,77,78,74,71,84,26,62
Moussa Sissoko,Tottenham Hotspur,Premier League,RM,77,77,74,75,75,72,85
Cyril Théréau,Fiorentina,Calcio A,LW,77,72,78,71,77,27,71
Nicolas De Préville,FC Girondins de Bordeaux,Ligue 1,ST,77,84,77,73,78,34,64
Danny Latza,1. FSV Mainz 05,Bundesliga,CM,77,68,54,75,75,70,76
Gregoire Defrel,Roma,Calcio A,ST,77,89,77,68,82,25,54
Georges-Kévin Nkoudou,Tottenham Hotspur,Premier League,LM,77,91,72,71,78,35,62
Dalbert,Inter,Calcio A,LB,77,91,62,71,77,72,72
Fabian Delph,Manchester City,Premier League,CM,77,74,69,73,82,68,75
Mohamed Elneny,Arsenal,Premier League,CDM,77,60,61,72,71,72,78
Carlos Sánchez,Fiorentina,Calcio A,CDM,77,67,58,70,70,74,84
Martin Hinteregger,FC Augsburg,Bundesliga,CB,77,68,61,64,59,77,81
Cristian Tello,Real Betis Balompié,LaLiga Santander,RM,77,90,70,70,80,28,59
Jordan Lukaku,Lazio,Calcio A,LB,77,89,60,68,76,72,81
Allan-Roméo Nyom,West Bromwich Albion,Premier League,LB,77,75,47,63,67,78,83
Cheikhou Kouyaté,West Ham United,Premier League,CDM,77,74,65,61,69,77,88
Mark Uth,TSG 1899 Hoffenheim,Bundesliga,ST,77,75,79,69,76,33,67
Makoto Hasebe,Eintracht Frankfurt,Bundesliga,CDM,77,63,51,75,71,76,72
Florentin Pogba,AS Saint-Étienne,Ligue 1,CB,77,66,45,61,57,76,85
Abdul Rahman Baba,FC Schalke 04,Bundesliga,LB,77,82,50,66,76,74,73
Jozy Altidore,Toronto FC,Major League Soccer,ST,76,68,75,64,70,35,85
Guram Kashia,Vitesse,Eredivisie,CB,76,58,27,61,60,75,79
Ismael Sosa,Tigres U.A.N.L.,LIGA Bancomer MX,RM,76,90,72,70,75,47,71
Selçuk İnan,Galatasaray SK,Süper Lig,CM,76,55,73,81,73,62,64
Ioannis Fetfatzidis,Al Ahli,Abdul Latif Jameel League,CAM,76,83,64,73,80,25,55
Frank Fabra,Boca Juniors,Primera División,LB,76,88,54,58,76,70,82
Maicon,Antalyaspor,Süper Lig,LM,76,91,69,69,72,32,71
Jozy Altidore,Toronto FC,Major League Soccer,ST,76,68,75,64,70,35,85
Pontus Jansson,Leeds United,EFL Championship,CB,76,62,42,52,62,77,79
Yimmi Chará,Junior FC,Liga Dimayor,RM,76,92,71,66,77,46,69
Lucas Andersen,Grasshopper Club Zürich,Raiffeisen Super League,CAM,76,81,67,71,81,36,55
Eugen Polański,TSG 1899 Hoffenheim,Bundesliga,CDM,76,56,71,70,68,75,79
Lazar Marković,Liverpool,Premier League,RM,76,90,65,68,82,41,54
Daniel Brosinski,1. FSV Mainz 05,Bundesliga,LB,76,85,60,71,73,72,70
Franck Yannick Kessié,Milan,Calcio A,CM,76,75,65,70,76,72,82
Alberto Moreno,Liverpool,Premier League,LB,76,88,65,68,77,67,74
Christopher Jullien,Toulouse Football Club,Ligue 1,CB,76,69,45,46,57,74,80
André Hahn,Hamburger SV,Bundesliga,ST,76,75,77,68,66,52,82
Geoff Cameron,Stoke City,Premier League,CDM,76,63,56,67,68,78,77
Gianluca Lapadula,Genoa,Calcio A,ST,76,84,73,58,76,24,68
Sam Vokes,Burnley,Premier League,ST,76,57,77,63,69,41,83
Sebastian De Maio,Bologna,Calcio A,CB,76,66,31,36,48,77,83
Renato Sanches,Swansea City,Premier League,CM,76,78,72,69,77,70,82
Breel Embolo,FC Schalke 04,Bundesliga,ST,76,81,71,67,78,33,77
Ahmed Musa,Leicester City,Premier League,ST,76,93,76,62,78,28,57
Timmy Chandler,Eintracht Frankfurt,Bundesliga,RB,76,77,60,69,69,74,81
Geoffrey Kondogbia,Inter,Calcio A,CDM,76,69,60,71,75,73,81
Tony Jantschke,Borussia Mönchengladbach,Bundesliga,CB,76,64,41,64,68,81,74
Nils Petersen,Sport-Club Freiburg,Bundesliga,ST,76,61,76,57,66,34,70
Enner Valencia,Tigres U.A.N.L.,LIGA Bancomer MX,ST,76,85,76,66,74,43,70
Yussuf Poulsen,RB Leipzig,Bundesliga,ST,76,86,66,63,74,37,81
Michel Macedo,UD Las Palmas,LaLiga Santander,RB,76,87,51,67,73,70,80
Gabriel Mercado,Sevilla FC,LaLiga Santander,CB,76,75,54,64,60,75,81
Admir Mehmedi,Bayer 04 Leverkusen,Bundesliga,ST,76,76,76,71,78,39,71
Jakub Jankto,Udinese,Calcio A,CM,76,82,68,74,76,63,67
Mattia De Sciglio,Juventus,Calcio A,LB,76,79,45,68,74,74,72
Aleix Vidal,FC Barcelona,LaLiga Santander,RB,76,91,67,72,80,69,70
Papa Kouli Diop,RCD Espanyol,LaLiga Santander,CDM,76,57,66,68,68,73,85
Charly Musonda,Chelsea,Premier League,RM,76,87,64,69,82,23,46
Leon Bailey,Bayer 04 Leverkusen,Bundesliga,LM,76,92,70,70,79,23,61
Moussa Dembélé,Celtic,Scottish Premiership,ST,75,81,73,57,74,21,71
Leigh Griffiths,Celtic,Scottish Premiership,ST,75,82,75,68,72,22,71
Darlington Nagbe,Portland Timbers,Major League Soccer,LM,75,87,66,68,80,44,69
Nemanja Nikolić,Chicago Fire Soccer Club,Major League Soccer,ST,75,74,76,59,69,24,73
Benny Feilhaber,Sporting Kansas City,Major League Soccer,CM,75,63,69,74,77,62,69
Daniel Ginczek,VfB Stuttgart,Bundesliga 2,ST,75,67,75,50,68,38,79
Alexandru Maxim,1. FSV Mainz 05,Bundesliga,CAM,75,73,68,75,78,30,51
Abdelhak Nouri,Ajax,Eredivisie,CAM,75,73,63,77,79,32,44
Emmanuel Emenike,Olympiacos CFP,Hellas Liga,ST,75,81,73,62,73,26,78
Ridgeciano Haps,Feyenoord,Eredivisie,LB,75,89,54,64,76,69,75
Geoffrey Bia,Kayserispor,Süper Lig,CAM,75,81,77,73,75,20,60
Carlos Villanueva,Al Ittihad,Abdul Latif Jameel League,CAM,75,63,71,75,78,41,50
Aiden McGeady,Sunderland,Premier League,LM,75,77,71,72,81,42,62
Jefferson,SC Braga,Liga NOS,LB,75,77,71,74,74,70,73
Marvin Zeegelaar,Sporting CP,Liga NOS,LB,75,78,65,67,72,71,80
Rodolfo Pizarro,Guadalajara,LIGA Bancomer MX,CM,75,85,68,74,76,68,70
Gonzalo Martínez,River Plate,Primera División,CAM,75,84,69,68,82,27,57
Nana Asare,KAA Gent,Belgium Pro League,CB,75,79,59,73,77,76,71
Dominic Maroh,1. FC Köln,Bundesliga,CB,75,52,37,48,50,76,75
Ashley Young,Manchester United,Premier League,RB,75,77,69,77,78,65,61
Abel Hernández,Hull City,Premier League,ST,75,85,72,58,74,29,71
Emmanuel Badu,Bursaspor,Süper Lig,CM,75,82,67,70,77,72,75
Jeremy Toljan,Borussia Dortmund,Bundesliga,RWB,75,84,36,62,69,72,69
Rio Mavuba,AC Sparta Prague,HET liga,CDM,75,60,52,70,69,74,74
Andrew Robertson,Liverpool,Premier League,LB,75,80,60,67,74,72,71
Daniel Amartey,Leicester City,Premier League,CDM,75,73,60,63,70,72,86
Christian Clemens,1. FC Köln,Bundesliga,RM,75,81,70,72,74,41,67
Préjuce Nakoulma,FC Nantes,Ligue 1,LM,75,93,71,63,76,39,73
Patrick van Aanholt,Crystal Palace,Premier League,LB,75,86,63,67,74,70,72
Ryan Mason,Hull City,Premier League,CM,75,68,68,74,73,69,69
Christian Träsch,VfL Wolfsburg,Bundesliga,RB,75,71,60,72,70,73,76
Munir,Deportivo Alavés,LaLiga Santander,RW,75,81,74,62,79,27,56
Ervin Zukanović,Genoa,Calcio A,CB,75,65,49,64,55,76,76
Christian Kabasele,Watford,Premier League,CB,75,73,50,49,62,74,79
Kelechi Iheanacho,Leicester City,Premier League,ST,75,84,75,60,74,22,68
Ricardo Kishna,ADO Den Haag,Eredivisie,LW,75,83,66,68,82,29,58
Callum Wilson,Bournemouth,Premier League,ST,75,90,73,63,74,34,76
Bobby Wood,Hamburger SV,Bundesliga,ST,75,85,74,59,74,28,73
Philipp Bargfrede,SV Werder Bremen,Bundesliga,CDM,75,66,57,69,69,74,72
Slobodan Rajković,Palermo,Calcio A,CB,75,69,31,47,46,74,84
Jonathan Biabiany,AC Sparta Prague,HET liga,RW,75,96,65,66,77,28,66
Theo Hernández,Real Madrid CF,LaLiga Santander,LB,75,86,56,63,74,72,76
Nathan Aké,Bournemouth,Premier League,CB,75,76,49,67,66,74,73
Mike Jensen,Rosenborg BK,Tippeligaen,CM,74,77,69,72,76,64,79
Ravel Morrison,Club Atlas,LIGA Bancomer MX,CAM,74,72,66,73,77,43,54
Chris Wood,Burnley,Premier League,ST,74,69,76,54,66,37,79
Osama Hawsawi,Al Hilal,Abdul Latif Jameel League,CB,74,71,57,53,57,72,80
Alejandro Bedoya,Philadelphia Union,Major League Soccer,CM,74,69,64,70,72,62,72
Matt Besler,Sporting Kansas City,Major League Soccer,CB,74,74,42,63,65,73,75
Omar Gonzalez,Pachuca,LIGA Bancomer MX,CB,74,63,36,50,44,74,83
Dax McCarty,Chicago Fire Soccer Club,Major League Soccer,CDM,74,60,54,68,70,71,74
Sacha Kljestan,New York Red Bulls,Major League Soccer,CAM,74,55,68,77,71,62,72
Marc Janko,AC Sparta Prague,HET liga,ST,74,51,77,52,62,35,77
Élton,Al Qadisiyah,Abdul Latif Jameel League,CAM,74,89,70,74,74,34,47
Ike Opara,Sporting Kansas City,Major League Soccer,CB,74,84,38,52,57,71,83
Dennis Diekmeier,Hamburger SV,Bundesliga,RB,74,86,40,65,66,70,74
Sidney Sam,VfL Bochum 1848,Bundesliga 2,RM,74,71,74,70,77,33,58
Alex Iwobi,Arsenal,Premier League,LM,74,75,61,66,81,28,65
Mile Jedinák,Aston Villa,EFL Championship,CDM,74,49,67,65,61,76,81
Marco Sau,Cagliari,Calcio A,ST,74,90,72,71,80,22,56
Peter Crouch,Stoke City,Premier League,ST,74,33,75,68,67,32,69
Moritz Leitner,FC Augsburg,Bundesliga,CM,74,74,65,74,78,50,59
Justin Kluivert,Ajax,Eredivisie,RW,73,86,63,65,81,36,62
Cyle Larin,Orlando City Soccer Club,Major League Soccer,ST,73,70,73,46,65,27,74
Fanendo Adi,Portland Timbers,Major League Soccer,ST,73,70,68,43,70,24,81
Matt Miazga,Vitesse,Eredivisie,CB,73,65,25,45,57,72,77
DeAndre Yedlin,Newcastle United,EFL Championship,RB,73,93,51,64,73,66,76
Walker Zimmerman,FC Dallas,Major League Soccer,CB,73,60,50,52,51,71,81
Dom Dwyer,Orlando City Soccer Club,Major League Soccer,ST,73,76,74,52,69,27,76
Moestafa El Kabir,Antalyaspor,Süper Lig,ST,73,73,70,63,73,27,76
Nicklas Bendtner,Rosenborg BK,Tippeligaen,ST,73,68,70,66,69,35,74
Semih Kaya,AC Sparta Prague,HET liga,CB,73,68,38,54,61,74,70
Chad Marshall,Seattle Sounders FC,Major League Soccer,CB,73,43,48,54,54,71,80
Jermaine Jones,LA Galaxy,Major League Soccer,CM,73,65,69,70,70,70,85
Felix Klaus,Hannover 96,Bundesliga 2,RM,73,81,66,65,73,33,68
Niclas Füllkrug,Hannover 96,Bundesliga 2,ST,73,71,69,61,68,28,76
Oussama Assaidi,FC Twente,Eredivisie,LM,73,82,69,67,78,32,51
Alexander Esswein,Hertha Berlin,Bundesliga,RM,73,89,72,65,72,31,75
Kai Havertz,Bayer 04 Leverkusen,Bundesliga,RM,73,72,59,71,74,40,57
Axel Tuanzebe,Manchester United,Premier League,CB,73,75,34,57,64,72,72
Cristian Roldan,Seattle Sounders FC,Major League Soccer,CDM,72,68,62,68,72,68,74
Maurice Edu,Philadelphia Union,Major League Soccer,CB,72,61,63,63,66,69,75
Drew Moor,Toronto FC,Major League Soccer,CB,72,63,40,60,62,70,74
Kyle Beckerman,Real Salt Lake,Major League Soccer,CDM,72,43,62,64,66,69,72
Oleksandr Zinchenko,Manchester City,Premier League,CAM,72,72,61,75,74,58,58
Kenneth Omeruo,Chelsea,Premier League,CB,72,71,32,49,58,70,79
Harry Winks,Tottenham Hotspur,Premier League,CM,72,72,57,73,72,55,64
Rob Holding,Arsenal,Premier League,CB,72,62,34,53,66,73,74
Kellyn Acosta,FC Dallas,Major League Soccer,CDM,72,79,66,70,71,68,76
Kenedy,Chelsea,Premier League,LM,72,80,66,64,76,49,64
Víctor Ibarbo,Sagan Tosu,Meiji Yasuda J1 League,ST,72,92,66,64,72,37,77
Jordan Morris,Seattle Sounders FC,Major League Soccer,ST,71,88,69,56,65,30,78
Joevin Jones,Seattle Sounders FC,Major League Soccer,LB,71,81,58,71,72,64,73
Gyasi Zardes,LA Galaxy,Major League Soccer,ST,71,86,68,59,69,44,78
Sebastian Lletget,LA Galaxy,Major League Soccer,RM,71,74,61,67,75,44,68
Juan Agudelo,New England Revolution,Major League Soccer,ST,71,77,68,55,71,32,74
Roger Espinoza,Sporting Kansas City,Major League Soccer,CM,71,65,67,66,71,69,77
Chris Wondolowski,San Jose Earthquakes,Major League Soccer,ST,71,53,72,59,69,49,69
Lee Dong Gook,Jeonbuk Hyundai Motors,K LEAGUE Classic,ST,71,66,72,69,66,24,59
Darren Bent,Derby County,EFL Championship,ST,71,68,72,52,66,26,58
Rafael van der Vaart,FC Midtjylland,Alka Superliga,CM,71,30,70,78,72,44,52
DaMarcus Beasley,Houston Dynamo,Major League Soccer,LB,71,79,61,64,69,66,63
Ashley Cole,LA Galaxy,Major League Soccer,LB,71,62,45,66,72,70,68
Marko Grujić,Liverpool,Premier League,CM,71,67,68,67,66,69,77
Jérémie Boga,Chelsea,Premier League,RM,71,75,70,68,74,43,65
Thilo Kehrer,FC Schalke 04,Bundesliga,CB,71,74,44,60,65,70,69
Jonathan Spector,Orlando City Soccer Club,Major League Soccer,CB,70,70,52,61,63,71,74
Matheus Pereira,FC Girondins de Bordeaux,Ligue 1,CAM,70,72,59,65,76,37,55
Shikabala,Al Raed,Abdul Latif Jameel League,LW,70,77,71,64,75,36,55
Giorgi Chanturia,FC Ural,Sogaz Russian Football Championship,RM,70,77,64,61,79,24,69
Thabo Rakhale,Orlando Pirates,South African FL,RW,70,75,62,67,74,29,49
Dominic Solanke,Liverpool,Premier League,ST,70,75,67,62,73,25,62